,CODE,DATE,label,text_a,verb,A0,A1,verbA0A1,verb_mask,A0_mask,A1_mask,AV_num,trade_date,stock_factors,NAME,CREATED_DATE,TITLE,DESCRIPTION,READ,MARKET,CHANGE,FIRST_DAY,SECOND_DAY,original_price,open1,close1,day1,open2,close2,day2,open3,close3,day3,open4,close4,day4,open5,close5,day5
0,2092,2020-10-27 20:02:00,0,中泰化学披露三季报，公司2020年前三季度营业收入649.7亿元，同比增长0.71%；净利润亏损4.46亿元，上年同期（调整后）为盈利4.33亿元。第三季度净利润为亏损1.39亿元。,"[(4, 2), (31, 2), (41, 2), (58, 1), (74, 1)]","[(0, 2), (2, 2), (49, 2), (51, 2), (53, 1), (54, 2), (56, 1), (57, 1), (71, 3)]","[(38, 3), (6, 3), (33, 4), (59, 2), (61, 4), (65, 1), (75, 2), (77, 4), (81, 1)]","[[[(4, 2)], [(0, 2), (2, 2)], [(6, 3)]], [[(58, 1)], [(49, 2), (51, 2), (53, 1), (54, 2), (56, 1), (57, 1)], [(59, 2), (61, 4), (65, 1)]], [[(74, 1)], [(71, 3)], [(75, 2), (77, 4), (81, 1)]]]","[[0. 0. 0. ... 0. 0. 0.]
 [0. 0. 0. ... 0. 0. 0.]
 [0. 0. 0. ... 0. 0. 0.]
 ...
 [0. 0. 0. ... 0. 0. 0.]
 [0. 0. 0. ... 0. 0. 0.]
 [0. 0. 0. ... 0. 0. 0.]]","[[0.   0.25 0.25 ... 0.   0.   0.  ]
 [0.   0.   0.   ... 0.   0.   0.  ]
 [0.   0.   0.   ... 0.   0.   0.  ]
 ...
 [0.   0.   0.   ... 0.   0.   0.  ]
 [0.   0.   0.   ... 0.   0.   0.  ]
 [0.   0.   0.   ... 0.   0.   0.  ]]","[[0. 0. 0. ... 0. 0. 0.]
 [0. 0. 0. ... 0. 0. 0.]
 [0. 0. 0. ... 0. 0. 0.]
 ...
 [0. 0. 0. ... 0. 0. 0.]
 [0. 0. 0. ... 0. 0. 0.]
 [0. 0. 0. ... 0. 0. 0.]]",3,2020-10-27,"[-0.381438783485548, -0.3849424060242681, -0.3838018489773493, -0.3859264787196909, -0.38216059588015794, -0.1775207707310329, -0.8283773275652362, 0.2316143928319174, -0.2345076464461464, -0.3638502636288004, -0.4089988883107888, 0.3239110125457219, -0.2768545565229392, 0, -0.3619090155522, -0.0361654577546025, -0.0418483603186223, 1.1428208353692308, -0.6737737750661342, 0.0313954966818491, 0.0978708573889358, 0.42761855411307104, -0.1142397970844538, -0.0596203518986196]",中泰化学,2020-10-27 20:02:00,中泰化学披露三季报，公司2020年前三季度营业收入649.7亿元，同比增长0.71%；净利润亏损4.46亿元，上年同期（调整后）为盈利4.33亿元。第三季度净利润为亏损1.39亿元。,中泰化学披露三季报，公司2020年前三季度营业收入649.7亿元，同比增长0.71%；净利润亏损4.46亿元，上年同期（调整后）为盈利4.33亿元。第三季度净利润为亏损1.39亿元。,5870280.0,0.0,-0.0213178294573643,2020-10-27,2020-10-28,5.0455,5.0855,5.1754,2020-10-29,5.1854,5.0955,2020-10-30,5.0955,5.0455,2020-11-02,5.0855,5.1854,2020-11-03,5.1654,5.1554,2020-11-04
1,2049,2020-10-20 21:05:00,0,紫光国微披露三季报，公司前三季度营业收入23.2亿元，同比下滑6.78%；净利润6.85亿元，同比增长87.51%。公司预计2020年度净利润为7.51亿元至8.72亿元，同比增长85%至115%。紫光国微表示，公司主要业务板块盈利能力不断提升，同时特种集成电路业务保持快速增长，持续贡献稳定利润。 ,"[(28, 2), (46, 2), (55, 2), (63, 1), (78, 2), (90, 2), (107, 2), (120, 2), (129, 2)]","[(53, 2), (86, 4), (60, 3)]","[(93, 2), (95, 2), (97, 2), (99, 2), (101, 2), (103, 2), (48, 4), (57, 1), (58, 2), (60, 3), (63, 1), (64, 4), (68, 1), (69, 1), (70, 4), (74, 1), (80, 2), (82, 1), (83, 2), (93, 2), (95, 2), (97, 2), (99, 2), (101, 2), (103, 2), (105, 2), (107, 2), (109, 1), (110, 2), (112, 2), (114, 4), (118, 2), (120, 2), (122, 2), (124, 2), (126, 1), (127, 2), (129, 2), (131, 2), (133, 2), (112, 2), (114, 4), (118, 2), (64, 4), (68, 1), (69, 1), (70, 4), (74, 1), (131, 2), (133, 2)]","[[[(55, 2)], [(53, 2)], [(57, 1), (58, 2), (60, 3), (63, 1), (64, 4), (68, 1), (69, 1), (70, 4), (74, 1)]], [[(63, 1)], [(60, 3)], [(64, 4), (68, 1), (69, 1), (70, 4), (74, 1)]], [[(90, 2)], [(86, 4)], [(93, 2), (95, 2), (97, 2), (99, 2), (101, 2), (103, 2), (105, 2), (107, 2), (109, 1), (110, 2), (112, 2), (114, 4), (118, 2), (120, 2), (122, 2), (124, 2), (126, 1), (127, 2), (129, 2), (131, 2), (133, 2)]]]","[[0. 0. 0. ... 0. 0. 0.]
 [0. 0. 0. ... 0. 0. 0.]
 [0. 0. 0. ... 0. 0. 0.]
 ...
 [0. 0. 0. ... 0. 0. 0.]
 [0. 0. 0. ... 0. 0. 0.]
 [0. 0. 0. ... 0. 0. 0.]]","[[0. 0. 0. ... 0. 0. 0.]
 [0. 0. 0. ... 0. 0. 0.]
 [0. 0. 0. ... 0. 0. 0.]
 ...
 [0. 0. 0. ... 0. 0. 0.]
 [0. 0. 0. ... 0. 0. 0.]
 [0. 0. 0. ... 0. 0. 0.]]","[[0. 0. 0. ... 0. 0. 0.]
 [0. 0. 0. ... 0. 0. 0.]
 [0. 0. 0. ... 0. 0. 0.]
 ...
 [0. 0. 0. ... 0. 0. 0.]
 [0. 0. 0. ... 0. 0. 0.]
 [0. 0. 0. ... 0. 0. 0.]]",3,2020-10-20,"[2.346254501238716, 2.3445704738392017, 2.3857914222979217, 2.3575809234755325, 2.3504072856117904, 1.3592779103858752, 0.2749045008585909, -0.1159660172178647, 2.7801265391698697, -0.2251353119360631, -0.2262187945132359, -0.29159140948165996, 0.4522590651179966, 0.018092995424251, 1.1778589862714528, -0.0101495242317403, -0.0121932417591526, -0.7356708070424263, -0.8407784964480289, -0.1070505650190755, -0.0926753891331252, -0.1405558899458509, 0.7016974670154437, 0.9812449234840996]",紫光国微,2020-10-20 20:36:00,紫光国微披露三季报，公司前三季度营业收入23.2亿元，同比下滑6.78%；净利润6.85亿元，同比增长87.51%。公司预计2020年度净利润为7.51亿元至8.72亿元，同比增长85%至115%。紫光国微表示，公司主要业务板块盈利能力不断提升，同时特种集成电路业务保持快速增长，持续贡献稳定利润。 ,紫光国微披露三季报，公司前三季度营业收入23.2亿元，同比下滑6.78%；净利润6.85亿元，同比增长87.51%。公司预计2020年度净利润为7.51亿元至8.72亿元，同比增长85%至115%。紫光国微表示，公司主要业务板块盈利能力不断提升，同时特种集成电路业务保持快速增长，持续贡献稳定利润。,5520083.0,0.0,-0.0152043078872347,2020-10-20,2020-10-21,124.2192,108.8766,110.4548,2020-10-22,110.8743,108.577,2020-10-23,108.577,103.283,2020-10-26,102.1343,102.1842,2020-10-27,103.5427,105.4805,2020-10-28
2,300667,2020-01-02 19:24:00,0,必创科技公告，公司董事何蕾、副总经理邓延卿和副总经理沈唯真，计划通过大宗交易、集中竞价方式，减持公司股份合计不超过405.91万股（占公司总股本的3.34%）。,"[(30, 2), (55, 2), (63, 1)]","[(7, 2), (9, 2), (11, 2), (13, 1), (14, 1), (15, 3), (18, 3), (21, 1), (22, 1), (23, 3), (26, 3), (46, 2), (48, 2), (50, 2)]","[(64, 2), (66, 1), (67, 2), (69, 1), (70, 4), (32, 2), (34, 2), (36, 2), (38, 1), (39, 2), (41, 2), (43, 2), (45, 1), (46, 2), (48, 2), (50, 2), (52, 2), (54, 1), (55, 2), (57, 4), (61, 1), (62, 1), (63, 1), (64, 2), (66, 1), (67, 2), (69, 1), (70, 4), (74, 1), (57, 4), (61, 1)]","[[[(30, 2)], [(7, 2), (9, 2), (11, 2), (13, 1), (14, 1), (15, 3), (18, 3), (21, 1), (22, 1), (23, 3), (26, 3)], [(32, 2), (34, 2), (36, 2), (38, 1), (39, 2), (41, 2), (43, 2), (45, 1), (46, 2), (48, 2), (50, 2), (52, 2), (54, 1), (55, 2), (57, 4), (61, 1), (62, 1), (63, 1), (64, 2), (66, 1), (67, 2), (69, 1), (70, 4), (74, 1)]], [[(55, 2)], [(46, 2), (48, 2), (50, 2)], [(57, 4), (61, 1)]]]","[[0. 0. 0. ... 0. 0. 0.]
 [0. 0. 0. ... 0. 0. 0.]
 [0. 0. 0. ... 0. 0. 0.]
 ...
 [0. 0. 0. ... 0. 0. 0.]
 [0. 0. 0. ... 0. 0. 0.]
 [0. 0. 0. ... 0. 0. 0.]]","[[0. 0. 0. ... 0. 0. 0.]
 [0. 0. 0. ... 0. 0. 0.]
 [0. 0. 0. ... 0. 0. 0.]
 ...
 [0. 0. 0. ... 0. 0. 0.]
 [0. 0. 0. ... 0. 0. 0.]
 [0. 0. 0. ... 0. 0. 0.]]","[[0. 0. 0. ... 0. 0. 0.]
 [0. 0. 0. ... 0. 0. 0.]
 [0. 0. 0. ... 0. 0. 0.]
 ...
 [0. 0. 0. ... 0. 0. 0.]
 [0. 0. 0. ... 0. 0. 0.]
 [0. 0. 0. ... 0. 0. 0.]]",2,2020-01-02,"[0.2425975882388946, 0.2411689757628091, 0.24246981340129398, 0.2389076868972442, 0.2295274176111802, 0.1299245350705791, 0.0569995175624503, -0.4411897870306034, -0.2160694103358433, 0.6895322172345529, 0.6404720123620993, -1.14243528374031, 0.0011785134384981, -0.0188663370806364, 0.0946102544515383, 0.0353932423135197, 0.0122048160449, -0.748800028295732, -0.748800028295732, -0.1504079415089581, -0.1589619053088373, -0.3608683079459714, -0.1799846499464486, -0.1977383707950945]",必创科技,2020-01-02 19:22:00,必创科技公告，公司董事何蕾、副总经理邓延卿和副总经理沈唯真，计划通过大宗交易、集中竞价方式，减持公司股份合计不超过405.91万股（占公司总股本的3.34%）。,必创科技公告，公司董事何蕾、副总经理邓延卿和副总经理沈唯真，计划通过大宗交易、集中竞价方式，减持公司股份合计不超过405.91万股（占公司总股本的3.34%）。,4786882.0,0.0,-0.0293446364525595,2020-01-02,2020-01-03,19.6898,19.8617,20.0998,2020-01-06,20.0271,20.371,2020-01-07,20.2916,20.0006,2020-01-08,20.1329,20.5099,2020-01-09,20.5364,20.1858,2020-01-10
3,601929,2020-08-26 16:59:00,2,江苏有线、吉视传媒先后公告，拟分别以自有资金5亿元、2亿元与包括中国广电在内的共计47名发起人，共同发起组建中国广电网络股份有限公司。江苏有线，吉视传媒分别持股0.4941%、0.1976%。,"[(14, 1), (30, 2), (49, 2), (51, 2), (77, 2)]","[(71, 2), (73, 2), (43, 3)]","[(15, 2), (17, 1), (18, 2), (20, 2), (22, 2), (24, 1), (25, 1), (26, 2), (28, 1), (29, 1), (30, 2), (32, 2), (34, 2), (36, 2), (38, 1), (39, 2), (41, 1), (42, 1), (43, 3), (46, 1), (47, 2), (49, 2), (51, 2), (53, 2), (55, 2), (57, 2), (59, 2), (61, 4), (32, 2), (34, 2), (36, 2), (53, 2), (55, 2), (57, 2), (59, 2), (61, 4)]","[[[(30, 2)], [(32, 2), (34, 2), (36, 2)], [(43, 3)]]]","[[0. 0. 0. ... 0. 0. 0.]
 [0. 0. 0. ... 0. 0. 0.]
 [0. 0. 0. ... 0. 0. 0.]
 ...
 [0. 0. 0. ... 0. 0. 0.]
 [0. 0. 0. ... 0. 0. 0.]
 [0. 0. 0. ... 0. 0. 0.]]","[[0. 0. 0. ... 0. 0. 0.]
 [0. 0. 0. ... 0. 0. 0.]
 [0. 0. 0. ... 0. 0. 0.]
 ...
 [0. 0. 0. ... 0. 0. 0.]
 [0. 0. 0. ... 0. 0. 0.]
 [0. 0. 0. ... 0. 0. 0.]]","[[0. 0. 0. ... 0. 0. 0.]
 [0. 0. 0. ... 0. 0. 0.]
 [0. 0. 0. ... 0. 0. 0.]
 ...
 [0. 0. 0. ... 0. 0. 0.]
 [0. 0. 0. ... 0. 0. 0.]
 [0. 0. 0. ... 0. 0. 0.]]",1,2020-08-26,"[-0.4502247282197602, -0.4519321944671228, -0.4454136744238553, -0.4471171789340371, -0.4507303985190471, 0.1989442488156394, -0.0402214530577494, 0.0790424999247372, -0.4209022011656807, -0.5227646085784661, -0.6485642067308157, -0.4030561183454437, -0.1084177571543306, 0.0582546895065516, -0.3167911724517931, -0.0343806303015981, -0.0398376537423, -0.5702377106469749, -0.7732096632822483, 0.11439936651669, 0.2126675156053159, 0.7703110338545236, -0.1731269930347782, -0.1324970671358147]",吉视传媒,2020-08-26 16:55:00,江苏有线、吉视传媒先后公告，拟分别以自有资金5亿元、2亿元与包括中国广电在内的共计47名发起人，共同发起组建中国广电网络股份有限公司。江苏有线，吉视传媒分别持股0.4941%、0.1976%。,江苏有线、吉视传媒先后公告，拟分别以自有资金5亿元、2亿元与包括中国广电在内的共计47名发起人，共同发起组建中国广电网络股份有限公司。江苏有线，吉视传媒分别持股0.4941%、0.1976%。,4754894.0,1.0,0.0315315315315314,2020-08-26,2020-08-27,2.29,2.28,2.27,2020-08-28,2.27,2.26,2020-08-31,2.27,2.27,2020-09-01,2.26,2.27,2020-09-02,2.27,2.28,2020-09-03
4,300760,2020-07-14 16:41:00,2,迈瑞医疗公告，公司持股5.29%的股东Ever Union（H.K.）Limited拟在本公告披露之日起15个交易日后的6个月内以集中竞价或/及大宗交易等法律法规允许的方式减持公司股份减持不超过0.53%。公司预计上半年净利润为32.7亿-35亿元，同比增长38%-48%。,"[(66, 2), (89, 2), (97, 1), (109, 2)]","[(57, 2), (59, 2), (61, 1), (62, 2), (64, 2), (87, 2), (94, 3)]","[(91, 3), (94, 3), (97, 1), (98, 7), (105, 1), (111, 5), (98, 7), (105, 1)]","[[[(89, 2)], [(87, 2)], [(91, 3), (94, 3), (97, 1), (98, 7), (105, 1)]], [[(97, 1)], [(94, 3)], [(98, 7), (105, 1)]]]","[[0. 0. 0. ... 0. 0. 0.]
 [0. 0. 0. ... 0. 0. 0.]
 [0. 0. 0. ... 0. 0. 0.]
 ...
 [0. 0. 0. ... 0. 0. 0.]
 [0. 0. 0. ... 0. 0. 0.]
 [0. 0. 0. ... 0. 0. 0.]]","[[0. 0. 0. ... 0. 0. 0.]
 [0. 0. 0. ... 0. 0. 0.]
 [0. 0. 0. ... 0. 0. 0.]
 ...
 [0. 0. 0. ... 0. 0. 0.]
 [0. 0. 0. ... 0. 0. 0.]
 [0. 0. 0. ... 0. 0. 0.]]","[[0. 0. 0. ... 0. 0. 0.]
 [0. 0. 0. ... 0. 0. 0.]
 [0. 0. 0. ... 0. 0. 0.]
 ...
 [0. 0. 0. ... 0. 0. 0.]
 [0. 0. 0. ... 0. 0. 0.]
 [0. 0. 0. ... 0. 0. 0.]]",2,2020-07-14,"[6.676548900889121, 6.648564040815736, 6.721520613666867, 6.643859113922162, 6.683583797889947, -1.1426631737399924, -0.1079981581308179, -0.4710554340682943, 1.64140254342694, -0.7662338061836821, -0.8382898270739211, -0.3207340902390475, -0.0443535366859025, -0.0654810250457782, 1.5211967934381845, -0.0035969218011104, -0.0139118156323003, -0.5935714147717304, -0.5814292282418084, -0.0559787873258743, -0.1079245542713963, -0.1556018042586392, 4.663029142905715, 2.338376738824015]",迈瑞医疗,2020-07-14 16:30:00,迈瑞医疗公告，公司持股5.29%的股东Ever Union（H.K.）Limited拟在本公告披露之日起15个交易日后的6个月内以集中竞价或/及大宗交易等法律法规允许的方式减持公司股份减持不超过0.53%。公司预计上半年净利润为32.7亿-35亿元，同比增长38%-48%。,迈瑞医疗公告，公司持股5.29%的股东Ever Union（H.K.）Limited拟在本公告披露之日起15个交易日后的6个月内以集中竞价或/及大宗交易等法律法规允许的方式减持公司股份减持不超过0.53%。公司预计上半年净利润为32.7亿-35亿元，同比增长38%-48%。,5144803.0,0.0,0.0339756747648662,2020-07-14,2020-07-15,335.8423,350.2313,329.0757,2020-07-16,334.3497,339.2256,2020-07-17,342.2607,336.3399,2020-07-20,337.335,343.0567,2020-07-21,343.0567,346.5893,2020-07-22
5,600196,2020-10-13 16:16:00,1,复星医药公告，控股子公司复星医药产业收到国家药品监督管理局关于同意其获许可的马来酸阿伐曲泊帕片开展临床试验的通知书。该药品用于成人慢性免疫性血小板减少症适应症（ITP），复星医药产业拟于近期条件具备后于中国境内开展该新药针对该适应症的III期临床试验。,"[(18, 2), (31, 2), (34, 1), (47, 2), (61, 2), (104, 2)]","[(7, 2), (9, 3), (12, 4), (16, 2), (84, 4), (88, 2)]","[(33, 1), (34, 1), (35, 2), (37, 1), (38, 9), (47, 2), (49, 2), (51, 2), (35, 2), (49, 2), (51, 2), (20, 2), (22, 2), (24, 2), (26, 3), (29, 2), (31, 2), (33, 1), (34, 1), (35, 2), (37, 1), (38, 9), (47, 2), (49, 2), (51, 2), (53, 1), (54, 3), (106, 1), (107, 2), (109, 2), (111, 1), (112, 3), (115, 1), (116, 2), (118, 2), (120, 2)]","[[[(18, 2)], [(7, 2), (9, 3), (12, 4), (16, 2)], [(20, 2), (22, 2), (24, 2), (26, 3), (29, 2), (31, 2), (33, 1), (34, 1), (35, 2), (37, 1), (38, 9), (47, 2), (49, 2), (51, 2), (53, 1), (54, 3)]], [[(104, 2)], [(84, 4), (88, 2)], [(106, 1), (107, 2), (109, 2), (111, 1), (112, 3), (115, 1), (116, 2), (118, 2), (120, 2)]]]","[[0. 0. 0. ... 0. 0. 0.]
 [0. 0. 0. ... 0. 0. 0.]
 [0. 0. 0. ... 0. 0. 0.]
 ...
 [0. 0. 0. ... 0. 0. 0.]
 [0. 0. 0. ... 0. 0. 0.]
 [0. 0. 0. ... 0. 0. 0.]]","[[0. 0. 0. ... 0. 0. 0.]
 [0. 0. 0. ... 0. 0. 0.]
 [0. 0. 0. ... 0. 0. 0.]
 ...
 [0. 0. 0. ... 0. 0. 0.]
 [0. 0. 0. ... 0. 0. 0.]
 [0. 0. 0. ... 0. 0. 0.]]","[[0. 0. 0. ... 0. 0. 0.]
 [0. 0. 0. ... 0. 0. 0.]
 [0. 0. 0. ... 0. 0. 0.]
 ...
 [0. 0. 0. ... 0. 0. 0.]
 [0. 0. 0. ... 0. 0. 0.]
 [0. 0. 0. ... 0. 0. 0.]]",2,2020-10-13,"[0.7530202200829317, 0.8407995084357579, 0.7504378848454359, 0.8227402067852891, 0.7533069130809259, 2.4295696173576493, 2.3353330529067393, 2.8527249739387917, 12.967105533819325, 0.3500085231964738, 0.7668786754330852, 1.0315574911688394, -0.2099327817919891, -0.0753968990337129, -0.0253804463648738, -0.0311867712897174, -0.0353758819380904, -0.4396937341780017, -0.4338341924276108, 0.0684738471599625, 0.0806862505316453, 0.23725497556623898, 1.6416647280755847, 1.6503915108521918]",复星医药,2020-10-13 16:16:00,复星医药公告，控股子公司复星医药产业收到国家药品监督管理局关于同意其获许可的马来酸阿伐曲泊帕片开展临床试验的通知书。该药品用于成人慢性免疫性血小板减少症适应症（ITP），复星医药产业拟于近期条件具备后于中国境内开展该新药针对该适应症的III期临床试验。,复星医药公告，控股子公司复星医药产业收到国家药品监督管理局关于同意其获许可的马来酸阿伐曲泊帕片开展临床试验的通知书。该药品用于成人慢性免疫性血小板减少症适应症（ITP），复星医药产业拟于近期条件具备后于中国境内开展该新药针对该适应症的III期临床试验。,5473372.0,1.0,0.0008496176720476,2020-10-13,2020-10-14,58.9,58.8,59.91,2020-10-15,59.7,61.41,2020-10-16,61.99,58.06,2020-10-19,58.06,58.9,2020-10-20,59.2,58.8,2020-10-21
6,300071,2019-11-05 20:21:00,0,"华谊嘉信公告称，迪思公关于案发后已除名违规员工，并积极配合司法机关的调查，积极退缴全部项目所得人民币4,415,697.98元，并依法缴纳罚金，对公司未来的财务状况不构成重大影响。","[(6, 1), (17, 2), (27, 2), (39, 2), (63, 2), (79, 2)]","[(0, 6), (8, 3), (8, 3), (8, 3), (8, 3)]","[(8, 3), (11, 4), (15, 1), (16, 1), (17, 2), (19, 4), (23, 1), (24, 1), (25, 2), (27, 2), (29, 2), (31, 2), (33, 1), (34, 2), (36, 1), (37, 2), (39, 2), (41, 2), (43, 2), (45, 2), (47, 3), (50, 1), (51, 1), (52, 1), (53, 1), (54, 4), (58, 1), (59, 1), (60, 1), (61, 2), (63, 2), (65, 2), (67, 1), (68, 1), (69, 2), (71, 2), (73, 1), (74, 2), (76, 2), (78, 1), (79, 2), (81, 2), (83, 2), (81, 2), (83, 2), (29, 2), (31, 2), (33, 1), (34, 2), (65, 2)]","[[[(6, 1)], [(0, 6)], [(8, 3), (11, 4), (15, 1), (16, 1), (17, 2), (19, 4), (23, 1), (24, 1), (25, 2), (27, 2), (29, 2), (31, 2), (33, 1), (34, 2), (36, 1), (37, 2), (39, 2), (41, 2), (43, 2), (45, 2), (47, 3), (50, 1), (51, 1), (52, 1), (53, 1), (54, 4), (58, 1), (59, 1), (60, 1), (61, 2), (63, 2), (65, 2), (67, 1), (68, 1), (69, 2), (71, 2), (73, 1), (74, 2), (76, 2), (78, 1), (79, 2), (81, 2), (83, 2)]], [[(27, 2)], [(8, 3)], [(29, 2), (31, 2), (33, 1), (34, 2)]], [[(63, 2)], [(8, 3)], [(65, 2)]]]","[[0. 0. 0. ... 0. 0. 0.]
 [0. 0. 0. ... 0. 0. 0.]
 [0. 0. 0. ... 0. 0. 0.]
 ...
 [0. 0. 0. ... 0. 0. 0.]
 [0. 0. 0. ... 0. 0. 0.]
 [0. 0. 0. ... 0. 0. 0.]]","[[0.         0.16666667 0.16666667 ... 0.         0.         0.        ]
 [0.         0.         0.         ... 0.         0.         0.        ]
 [0.         0.         0.         ... 0.         0.         0.        ]
 ...
 [0.         0.         0.         ... 0.         0.         0.        ]
 [0.         0.         0.         ... 0.         0.         0.        ]
 [0.         0.         0.         ... 0.         0.         0.        ]]","[[0. 0. 0. ... 0. 0. 0.]
 [0. 0. 0. ... 0. 0. 0.]
 [0. 0. 0. ... 0. 0. 0.]
 ...
 [0. 0. 0. ... 0. 0. 0.]
 [0. 0. 0. ... 0. 0. 0.]
 [0. 0. 0. ... 0. 0. 0.]]",3,2019-11-05,"[-0.4275202766572556, -0.4266896146974231, -0.4244857329729975, -0.4274039999185894, -0.4253751135038305, -0.0880163527082972, -0.5945456331781321, 1.1700645709700317, -0.14272116488419198, 1.185140073655738, 2.3205220327952665, -0.8275231634653645, 0, 0, 2.0018315592374343, -0.0432902268618436, -0.0355274444381234, 0, 0, -0.1010085402383059, -0.1074079133459592, -0.2399939019684626, -0.1965585077809988, -0.19619615719873]",华谊嘉信,2019-11-05 20:20:00,"华谊嘉信公告称，迪思公关于案发后已除名违规员工，并积极配合司法机关的调查，积极退缴全部项目所得人民币4,415,697.98元，并依法缴纳罚金，对公司未来的财务状况不构成重大影响。",华谊嘉信公告称，迪思公关于案发后已除名违规员工，并积极配合司法机关的调查，积极退缴全部项目所得人民币441万元，并依法缴纳罚金，对公司未来的财务状况不构成重大影响。,5518353.0,0.0,-0.0217391304347824,2019-11-05,2019-11-06,2.25,2.28,2.33,2019-11-07,2.29,2.34,2019-11-08,2.36,2.38,2019-11-11,2.38,2.62,2019-11-12,2.62,2.5,2019-11-13
7,2384,2020-02-18 18:59:00,1,东山精密修订非公开发行A股股票方案，发行对象调整为“不超过35名符合中国证监会规定条件的特定对象”；发行价格调整为“不低于定价基准日前20个交易日公司股票交易均价的80%”；发行数量调整为“不超过发行前公司股本总数的30%，即不超过4.82亿股（含本数）”；锁定期调整为“6个月”。本次发行拟募集资金总额不超过28.92亿元，用于投资“年产40万平方米精细线路柔性线路板及配套装配扩产项目”等。,"[(4, 2), (24, 1), (27, 2), (31, 2), (38, 2), (55, 1), (58, 2), (90, 1), (93, 2), (110, 2), (129, 1), (141, 2), (148, 2)]","[(0, 2), (33, 2), (35, 3), (49, 2), (51, 2), (53, 2), (84, 2), (86, 2), (88, 2), (45, 2)]","[(25, 1), (26, 1), (27, 2), (29, 1), (30, 1), (31, 2), (33, 2), (35, 3), (38, 2), (40, 2), (42, 1), (43, 2), (45, 2), (47, 1), (33, 2), (35, 3), (38, 2), (40, 2), (130, 1), (131, 1), (132, 1), (133, 1), (134, 1), (143, 2), (150, 4), (154, 1), (29, 1), (30, 1), (31, 2), (33, 2), (35, 3), (38, 2), (40, 2), (40, 2), (56, 1), (57, 1), (58, 2), (60, 2), (62, 4), (66, 1), (67, 1), (68, 3), (71, 2), (73, 2), (75, 2), (77, 2), (79, 1), (80, 2), (82, 1), (91, 1), (92, 1), (93, 2), (95, 2), (97, 1), (98, 2), (100, 2), (102, 2), (104, 1), (105, 2), (95, 2), (97, 1), (98, 2), (100, 2), (102, 2), (104, 1), (105, 2), (112, 4), (116, 1), (117, 1), (118, 3), (121, 1)]","[[[(31, 2)], [(33, 2), (35, 3), (38, 2), (40, 2)], [(45, 2)]], [[(38, 2)], [(33, 2), (35, 3)], [(40, 2)]], [[(55, 1)], [(49, 2), (51, 2), (53, 2)], [(56, 1), (57, 1), (58, 2), (60, 2), (62, 4), (66, 1), (67, 1), (68, 3), (71, 2), (73, 2), (75, 2), (77, 2), (79, 1), (80, 2), (82, 1)]], [[(90, 1)], [(84, 2), (86, 2), (88, 2)], [(91, 1), (92, 1), (93, 2), (95, 2), (97, 1), (98, 2), (100, 2), (102, 2), (104, 1), (105, 2)]]]","[[0. 0. 0. ... 0. 0. 0.]
 [0. 0. 0. ... 0. 0. 0.]
 [0. 0. 0. ... 0. 0. 0.]
 ...
 [0. 0. 0. ... 0. 0. 0.]
 [0. 0. 0. ... 0. 0. 0.]
 [0. 0. 0. ... 0. 0. 0.]]","[[0. 0. 0. ... 0. 0. 0.]
 [0. 0. 0. ... 0. 0. 0.]
 [0. 0. 0. ... 0. 0. 0.]
 ...
 [0. 0. 0. ... 0. 0. 0.]
 [0. 0. 0. ... 0. 0. 0.]
 [0. 0. 0. ... 0. 0. 0.]]","[[0. 0. 0. ... 0. 0. 0.]
 [0. 0. 0. ... 0. 0. 0.]
 [0. 0. 0. ... 0. 0. 0.]
 ...
 [0. 0. 0. ... 0. 0. 0.]
 [0. 0. 0. ... 0. 0. 0.]
 [0. 0. 0. ... 0. 0. 0.]]",4,2020-02-18,"[0.5009279555365411, 0.4787825898322819, 0.4815020697183763, 0.4806364777454297, 0.5018392142384698, -0.0751078309630012, -0.3590378279184925, 0.9184703482020594, 3.3668178644751574, 0.1790619308842733, -0.0145905326779045, -0.18936414514641103, -0.11729885814992201, -0.0224402923024078, 0.1822358862356003, -0.0386910912747731, -0.0363457004273355, -0.7019611013417333, -0.6993436174239128, -0.0218221000393081, -0.0202346750027033, 0.2661052086857525, 0.4136847622402837, 0.4392903024264288]",东山精密,2020-02-18 18:48:00,东山精密修订非公开发行A股股票方案，发行对象调整为“不超过35名符合中国证监会规定条件的特定对象”；发行价格调整为“不低于定价基准日前20个交易日公司股票交易均价的80%”；发行数量调整为“不超过发行前公司股本总数的30%，即不超过4.82亿股（含本数）”；锁定期调整为“6个月”。本次发行拟募集资金总额不超过28.92亿元，用于投资“年产40万平方米精细线路柔性线路板及配套装配扩产项目”等。,东山精密修订非公开发行A股股票方案，发行对象调整为“不超过35名符合中国证监会规定条件的特定对象”；发行价格调整为“不低于定价基准日前20个交易日公司股票交易均价的80%”；发行数量调整为“不超过发行前公司股本总数的30%，即不超过4.82亿股（含本数）”；锁定期调整为“6个月”。本次发行拟募集资金总额不超过28.92亿元，用于投资“年产40万平方米精细线路柔性线路板及配套装配扩产项目”等。,5275646.0,0.0,0.0016528925619834,2020-02-18,2020-02-19,30.102,29.2079,31.8505,2020-02-20,31.8505,33.142,2020-02-21,33.1321,34.7713,2020-02-24,33.7679,35.5561,2020-02-25,34.2746,31.9995,2020-02-26
8,300484,2020-04-09 16:51:00,0,蓝海华腾公告，合计持有公司20.48%股份的股东华腾投资、姜仲文、董事傅颖、特定股东中腾投资、黄主明拟合计减持不超过4.54%公司股份。,"[(9, 2), (48, 1), (54, 2)]","[(60, 2), (62, 2)]","[(49, 2), (51, 2), (53, 1), (54, 2), (56, 4), (60, 2), (62, 2), (11, 2), (13, 4), (17, 2), (56, 4)]","[[[(54, 2)], [(56, 4)], [(60, 2), (62, 2)]]]","[[0. 0. 0. ... 0. 0. 0.]
 [0. 0. 0. ... 0. 0. 0.]
 [0. 0. 0. ... 0. 0. 0.]
 ...
 [0. 0. 0. ... 0. 0. 0.]
 [0. 0. 0. ... 0. 0. 0.]
 [0. 0. 0. ... 0. 0. 0.]]","[[0. 0. 0. ... 0. 0. 0.]
 [0. 0. 0. ... 0. 0. 0.]
 [0. 0. 0. ... 0. 0. 0.]
 ...
 [0. 0. 0. ... 0. 0. 0.]
 [0. 0. 0. ... 0. 0. 0.]
 [0. 0. 0. ... 0. 0. 0.]]","[[0. 0. 0. ... 0. 0. 0.]
 [0. 0. 0. ... 0. 0. 0.]
 [0. 0. 0. ... 0. 0. 0.]
 ...
 [0. 0. 0. ... 0. 0. 0.]
 [0. 0. 0. ... 0. 0. 0.]
 [0. 0. 0. ... 0. 0. 0.]]",1,2020-04-09,"[-0.2186337074329362, -0.2144384331420573, -0.2205642893906258, -0.2170861779496597, -0.2148396858173092, -0.0656585179124076, -0.0450023597363405, -0.2028758792197459, -0.245050507180927, 0.9458860518322121, 1.0307451759903885, -0.1280987128856133, -0.0004133828586561, 0, -0.0349772068132214, -0.0304698763951132, -0.0257240755175542, 0, 0, -0.1434369504691947, -0.15035503034493802, -0.3127368195223154, -0.2174964315562784, -0.2172563633041821]",蓝海华腾,2020-04-09 16:51:00,蓝海华腾公告，合计持有公司20.48%股份的股东华腾投资、姜仲文、董事傅颖、特定股东中腾投资、黄主明拟合计减持不超过4.54%公司股份。,蓝海华腾公告，合计持有公司20.48%股份的股东华腾投资、姜仲文、董事傅颖、特定股东中腾投资、黄主明拟合计减持不超过4.54%公司股份。,4954047.0,0.0,-0.0131004366812228,2020-04-09,2020-04-10,8.9824,8.5949,8.8831,2020-04-13,8.892999999999997,9.7674,2020-04-14,10.612,9.8171,2020-04-15,9.5389,9.5488,2020-04-16,9.7674,9.2507,2020-04-17
9,38,2020-01-22 17:55:00,1,深大通公告，预计2019年净利润为1.2亿，上年同期为亏损25.49亿。业绩变动的主要原因是，预计本报告期无商誉减值及其他资产重大减值影响； 预计本报告期非经常性损益对公司净利润的影响约为0.9亿元，主要为业绩补偿收益及处置子公司收益。,"[(6, 2), (13, 1), (23, 1), (40, 1), (42, 2), (65, 2), (87, 1), (104, 2)]","[(31, 2), (33, 2), (35, 1), (36, 2), (38, 2), (67, 4), (71, 4), (75, 2), (77, 1), (78, 2), (80, 3), (83, 1), (84, 2), (10, 3)]","[(8, 2), (10, 3), (13, 1), (14, 4), (18, 1), (19, 2), (21, 2), (23, 1), (24, 2), (26, 4), (24, 2), (26, 4), (44, 4), (48, 3), (51, 2), (53, 3), (56, 2), (58, 2), (60, 2), (62, 2), (67, 4), (71, 4), (75, 2), (77, 1), (78, 2), (80, 3), (83, 1), (84, 2), (86, 1), (87, 1), (88, 4), (92, 1), (93, 1), (94, 2), (96, 1), (97, 2), (99, 2), (101, 2), (103, 1), (104, 2), (106, 3), (109, 2), (42, 2), (44, 4), (48, 3), (51, 2), (53, 3), (56, 2), (58, 2), (60, 2), (62, 2), (106, 3), (109, 2), (14, 4), (88, 4), (92, 1)]","[[[(13, 1)], [(10, 3)], [(14, 4)]], [[(40, 1)], [(31, 2), (33, 2), (35, 1), (36, 2), (38, 2)], [(42, 2), (44, 4), (48, 3), (51, 2), (53, 3), (56, 2), (58, 2), (60, 2), (62, 2)]], [[(87, 1)], [(67, 4), (71, 4), (75, 2), (77, 1), (78, 2), (80, 3), (83, 1), (84, 2)], [(88, 4), (92, 1)]]]","[[0. 0. 0. ... 0. 0. 0.]
 [0. 0. 0. ... 0. 0. 0.]
 [0. 0. 0. ... 0. 0. 0.]
 ...
 [0. 0. 0. ... 0. 0. 0.]
 [0. 0. 0. ... 0. 0. 0.]
 [0. 0. 0. ... 0. 0. 0.]]","[[0. 0. 0. ... 0. 0. 0.]
 [0. 0. 0. ... 0. 0. 0.]
 [0. 0. 0. ... 0. 0. 0.]
 ...
 [0. 0. 0. ... 0. 0. 0.]
 [0. 0. 0. ... 0. 0. 0.]
 [0. 0. 0. ... 0. 0. 0.]]","[[0. 0. 0. ... 0. 0. 0.]
 [0. 0. 0. ... 0. 0. 0.]
 [0. 0. 0. ... 0. 0. 0.]
 ...
 [0. 0. 0. ... 0. 0. 0.]
 [0. 0. 0. ... 0. 0. 0.]
 [0. 0. 0. ... 0. 0. 0.]]",3,2020-01-22,"[-0.1616045419526054, -0.1434233629857143, -0.1702938394097279, -0.1503275984222348, -0.1587615938814517, 0.1115441587430126, 0.5289804615575195, -0.2293888741467135, -0.2560920100295772, 0.1482634530180613, 0.246647651118232, 0.1185006216104527, 0, 0, -0.1939812120734665, -0.0379750800340629, -0.0285079543957173, 0, 0, -0.1163650823074511, -0.1384735885254684, -0.2940664118488218, -0.1598394407933535, -0.18892923559245103]",深大通,2020-01-22 17:55:00,深大通公告，预计2019年净利润为1.2亿，上年同期为亏损25.49亿。业绩变动的主要原因是，预计本报告期无商誉减值及其他资产重大减值影响； 预计本报告期非经常性损益对公司净利润的影响约为0.9亿元，主要为业绩补偿收益及处置子公司收益。,深大通公告，预计2019年净利润为1.2亿，上年同期为亏损25.49亿。业绩变动的主要原因是，预计本报告期无商誉减值及其他资产重大减值影响； 预计本报告期非经常性损益对公司净利润的影响约为0.9亿元，主要为业绩补偿收益及处置子公司收益。,5555565.0,0.0,0.0026714158504006,2020-01-22,2020-01-23,11.26,9.76,9.76,2020-02-03,8.78,9.07,2020-02-04,9.07,9.42,2020-02-05,9.43,9.65,2020-02-06,9.7,9.82,2020-02-07
